citation_key,previous_author,expanded_braced_author,source,reason
AHolisticFrameworkfo009,{CFRFM},{Center for Research on Foundation Models},https://crfm.stanford.edu/,Expand positively identified institutional author and protect whole organizational name with BibTeX braces.
AdverseActionNotific036,{CFPB},{Consumer Financial Protection Bureau},https://www.consumerfinance.gov/about-us/,Expand positively identified institutional author and protect whole organizational name with BibTeX braces.
AdvisoryBulletin2022037,{FHFA},{Federal Housing Finance Agency},https://www.fhfa.gov/about,Expand positively identified institutional author and protect whole organizational name with BibTeX braces.
ArtificialIntelligen073,{EU},{European Union},https://european-union.europa.eu/index_en,Expand positively identified institutional author and protect whole organizational name with BibTeX braces.
ArtificialIntelligen075,{FINRA},{Financial Industry Regulatory Authority},https://www.finra.org/sites/default/files/2019-11/2019_SIP_Scams.pdf,Expand positively identified institutional author and protect whole organizational name with BibTeX braces.
ChatbotsinConsumerFi117,{CFPB},{Consumer Financial Protection Bureau},https://www.consumerfinance.gov/about-us/,Expand positively identified institutional author and protect whole organizational name with BibTeX braces.
ComptrollersHandbook126,{OCC},{Office of the Comptroller of the Currency},https://occ.gov/about/who-we-are/index-who-we-are.html,Expand positively identified institutional author and protect whole organizational name with BibTeX braces.
ComptrollersHandbook127,{OCC},{Office of the Comptroller of the Currency},https://occ.gov/about/who-we-are/index-who-we-are.html,Expand positively identified institutional author and protect whole organizational name with BibTeX braces.
ECBGuidetoInternalMo190,{ECB},{European Central Bank},https://www.bankingsupervision.europa.eu/ecb/pub/pdf/ssm.supervisory_guides202402_internalmodels.en.pdf,Expand positively identified institutional author and protect whole organizational name with BibTeX braces.
Ergonomicsofhumansys198,{ISO},{International Organization for Standardization},https://www.iso.org/about,Expand positively identified institutional author and protect whole organizational name with BibTeX braces.
EvaluationofMeasurem206,{JCGM},{Joint Committee for Guides in Metrology},https://www.bipm.org/en/committees/jc/jcgm/,Expand positively identified institutional author and protect whole organizational name with BibTeX braces.
GoverningwithArtific275,{OECD Artificial Intelligence Papers},{Organisation for Economic Co-operation and Development},https://www.oecd.org/en/publications/governing-with-artificial-intelligence_26324bc2-en.html,Expand positively identified institutional author and protect whole organizational name with BibTeX braces. Official publication lists OECD as author; Artificial Intelligence Papers is the series.
IBMDesignforAI312,{IBM},{International Business Machines Corporation},https://www.sec.gov/Archives/edgar/data/51143/000005114326000010/ibm-20251231.htm,Expand positively identified institutional author and protect whole organizational name with BibTeX braces.
ISO353412006Statisti340,{ISO},{International Organization for Standardization},https://www.iso.org/about,Expand positively identified institutional author and protect whole organizational name with BibTeX braces.
ISOIEC420012023Artif341,{ISO},{International Organization for Standardization},https://www.iso.org/about,Expand positively identified institutional author and protect whole organizational name with BibTeX braces.
ISOIEC420052025Infor342,{ISO},{International Organization for Standardization},https://www.iso.org/about,Expand positively identified institutional author and protect whole organizational name with BibTeX braces.
ModelRiskManagementG398,{FHFA},{Federal Housing Finance Agency},https://www.fhfa.gov/about,Expand positively identified institutional author and protect whole organizational name with BibTeX braces.
OfficialInterpretati413,{CFPB},{Consumer Financial Protection Bureau},https://www.consumerfinance.gov/about-us/,Expand positively identified institutional author and protect whole organizational name with BibTeX braces.
OWASPTop10forLargeLa426,OWASP,{Open Worldwide Application Security Project},https://owasp.github.io/about/,Expand positively identified institutional author and protect whole organizational name with BibTeX braces.
PeopleAIGuidebook433,{Google PAIR},{Google People + AI Research},https://pair.withgoogle.com/,Expand positively identified institutional author and protect whole organizational name with BibTeX braces.
Qualitymanagementsys468,{ISO},{International Organization for Standardization},https://www.iso.org/about,Expand positively identified institutional author and protect whole organizational name with BibTeX braces.
ResponsibleArtificia494,CFTC,{Commodity Futures Trading Commission},https://www.cftc.gov/PressRoom/PressReleases/8905-24,Expand positively identified institutional author and protect whole organizational name with BibTeX braces.
SecurityandPrivacyCo505,"Group, Joint Task Force Transformation Initiative Interagency Working",{Joint Task Force Transformation Initiative},https://csrc.nist.gov/pubs/sp/800/53/r4/upd3/final,Expand positively identified institutional author and protect whole organizational name with BibTeX braces. Restore corporate-name parsing and use the official NIST author designation.
StressTests530,FRB,{Board of Governors of the Federal Reserve System},https://www.federalreserve.gov/supervisionreg/files/operational-risk-model.pdf,Expand positively identified institutional author and protect whole organizational name with BibTeX braces.
SupervisoryGuidanceo537,FRB/OCC,{Board of Governors of the Federal Reserve System} and {Office of the Comptroller of the Currency},https://www.federalreserve.gov/supervisionreg/srletters/sr1107.pdf,Expand positively identified institutional author and protect whole organizational name with BibTeX braces.
Systemsandsoftwareen543,{ISO},{International Organization for Standardization},https://www.iso.org/about,Expand positively identified institutional author and protect whole organizational name with BibTeX braces.
TowardsaCommonReport600,{OECD},{Organisation for Economic Co-operation and Development},https://www.oecd.org/en/about.html,Expand positively identified institutional author and protect whole organizational name with BibTeX braces.
TrustworthinessVocab611,{ISO},{International Organization for Standardization},https://www.iso.org/about,Expand positively identified institutional author and protect whole organizational name with BibTeX braces.
Usingpubliclyavailab621,{CFPB},{Consumer Financial Protection Bureau},https://www.consumerfinance.gov/about-us/,Expand positively identified institutional author and protect whole organizational name with BibTeX braces.
PrimeMinistersetsout451,"UK Department for Science, Innovation and Technology","{Department for Science, Innovation and Technology}",https://www.gov.uk/government/news/prime-minister-sets-out-blueprint-to-turbocharge-ai,Use official positively identified departmental name and brace the complete corporate author.
