citation_key,status,proposal_row,cleaned_row,accepted_changes,proposal_adjustments,decision_reason,sources
Ahumancenteredevalua010,accepted_with_corrections,2,11,"{""entry_type"": {""before"": ""incollection"", ""after"": ""inproceedings""}, ""publisher"": {""before"": null, ""after"": ""ACM""}}","{""entry_type"": {""proposed"": ""incollection"", ""accepted"": ""inproceedings""}}",Crossref publisher deposit verifies ACM and CHI 2020 proceedings paper. Normalize entry type to inproceedings as well as filling publisher.,https://api.crossref.org/works/10.1145/3313831.3376718
ADADELTAAnAdaptiveLe033,accepted,3,34,"{""entry_type"": {""before"": ""inproceedings"", ""after"": ""misc""}}",{},Cited arXiv v1 is a 2012 preprint; misc correctly removes the false missing-conference warning.,https://arxiv.org/abs/1212.5701v1
BayesianNetworks090,accepted_with_corrections,4,90,"{""entry_type"": {""before"": ""article"", ""after"": ""misc""}, ""howpublished"": {""before"": null, ""after"": ""UCLA Department of Statistics and Data Science""}}","{""entry_type"": {""proposed"": ""article"", ""accepted"": ""misc""}, ""journal"": {""proposed"": ""UCLA Department of Statistics and Data Science"", ""accepted"": null}, ""howpublished"": {""proposed"": null, ""accepted"": ""UCLA Department of Statistics and Data Science""}}","UCLA department is a repository collection/issuing department, not a journal. Accept the identified repository item as misc and place the department in howpublished; retain the verified repository year.",https://escholarship.org/uc/item/53n4f34m
Debiasingtextsafetyc151,accepted_with_corrections,5,151,"{""booktitle"": {""before"": ""Proceedings of the 2024 Conference on Empirical Methods in Natural Language Processing"", ""after"": ""Proceedings of the 2024 Conference on Empirical Methods in Natural Language Processing: Industry Track""}, ""entry_type"": {""before"": ""incollection"", ""after"": ""inproceedings""}, ""publisher"": {""before"": null, ""after"": ""Association for Computational Linguistics""}}","{""publisher"": {""proposed"": ""ACL Anthology"", ""accepted"": ""Association for Computational Linguistics""}, ""entry_type"": {""proposed"": ""incollection"", ""accepted"": ""inproceedings""}, ""booktitle"": {""proposed"": ""Proceedings of the 2024 Conference on Empirical Methods in Natural Language Processing"", ""accepted"": ""Proceedings of the 2024 Conference on Empirical Methods in Natural Language Processing: Industry Track""}}","Official ACL record verifies Association for Computational Linguistics as publisher (ACL Anthology is the host), inproceedings, and the Industry Track proceedings.",https://aclanthology.org/2024.emnlp-industry.16/; https://api.crossref.org/works/10.18653/v1/2024.emnlp-industry.16
EfficientBackProp191,accepted_with_corrections,6,191,"{""author"": {""before"": null, ""after"": ""LeCun, Yann and Bottou, Leon and Orr, Genevieve B. and Müller, Klaus-Robert""}}","{""author"": {""proposed"": ""LeCun, Yann and Bottou, Leon  and Orr, Genevieve B. and Mouller, Klaus-Robert"", ""accepted"": ""LeCun, Yann and Bottou, Leon and Orr, Genevieve B. and Müller, Klaus-Robert""}}","Publisher-deposited chapter metadata and author publication list confirm LeCun, Bottou, Orr and Müller. Correct proposed Mouller spelling and doubled whitespace.",https://api.crossref.org/works/10.1007/3-540-49430-8_2; https://bottou.org/papers
ExaminingProposedUse209,accepted,7,209,"{""entry_type"": {""before"": ""article"", ""after"": ""techreport""}, ""institution"": {""before"": null, ""after"": ""National Aeronautics and Space Administration, Langley Research Center""}}",{},NASA NTRS metadata and PDF identify a March 2025 technical memorandum from NASA Langley. Journal is not applicable.,https://ntrs.nasa.gov/citations/20250001849; https://ntrs.nasa.gov/api/citations/20250001849
Factualityoflargelan225,accepted,8,225,"{""entry_type"": {""before"": ""incollection"", ""after"": ""inproceedings""}, ""publisher"": {""before"": null, ""after"": ""Association for Computational Linguistics""}}",{},Official ACL citation verifies conference-paper type and Association for Computational Linguistics publisher.,https://aclanthology.org/2024.emnlp-main.1088/
GuidelinesforhumanAI280,accepted,9,280,"{""entry_type"": {""before"": ""incollection"", ""after"": ""inproceedings""}, ""publisher"": {""before"": null, ""after"": ""Association for Computing Machinery""}}",{},Microsoft author manuscript and ACM-deposited DOI metadata verify the CHI proceedings article and ACM publisher.,https://www.microsoft.com/en-us/research/publication/guidelines-for-human-ai-interaction/; https://api.crossref.org/works/10.1145/3290605.3300233
H2OGitHubRepository284,accepted_with_corrections,10,284,"{""year"": {""before"": null, ""after"": ""2015""}}","{""year"": {""proposed"": ""2026"", ""accepted"": ""2015""}}","Replace unsupported proposed 2026 with 2015: the official 2015 H2O R-manual reference list explicitly cites H2O GitHub Repository at the identical organization URL with 2015. This is a historical citation year, not repository creation/current calendar year.",https://h2o-release.s3.amazonaws.com/h2o/master/3232/docs-website/h2o-docs/booklets/R_Vignette.pdf
Howcanwedevelopexpla303,accepted,11,303,"{""doi"": {""before"": null, ""after"": ""10.1145/3529320.3529321""}, ""entry_type"": {""before"": ""incollection"", ""after"": ""inproceedings""}, ""publisher"": {""before"": null, ""after"": ""Association for Computing Machinery""}}",{},"Publisher-deposited DOI metadata confirms conference article, exact title, authors, 2022 year, publisher ACM, and DOI.",https://api.crossref.org/works/10.1145/3529320.3529321; https://arxiv.org/pdf/2204.01438
IEEEStandardforSyste316,accepted_with_corrections,12,316,"{""author"": {""before"": null, ""after"": ""{Institute of Electrical and Electronics Engineers}""}}","{""organization"": {""proposed"": null, ""accepted"": ""{Institute of Electrical and Electronics Engineers}""}}",Official IEEE standard page confirms IEEE 1012-2024 published 2025-08-22. Credit the existing verified issuing organization as corporate author under the user-approved institutional-author policy; retain organization for standard styles.,https://standards.ieee.org/ieee/1012/7324/
ImageNetClassificati317,accepted,13,317,"{""entry_type"": {""before"": ""incollection"", ""after"": ""inproceedings""}, ""publisher"": {""before"": null, ""after"": ""Curran Associates, Inc.""}}",{},"Official NeurIPS BibTeX verifies inproceedings and Curran Associates, Inc. for the 2012 paper.",https://papers.nips.cc/paper_files/paper/2012/file/c399862d3b9d6b76c8436e924a68c45b-Bibtex.bib
InherentTradeOffsint324,accepted,14,324,"{""doi"": {""before"": null, ""after"": ""10.4230/LIPIcs.ITCS.2017.43""}, ""entry_type"": {""before"": ""article"", ""after"": ""inproceedings""}, ""pages"": {""before"": ""43--1"", ""after"": ""43:1--43:23""}, ""publisher"": {""before"": null, ""after"": ""Schloss Dagstuhl--Leibniz-Zentrum für Informatik""}}",{},"Official Dagstuhl publication identifies the ITCS 2017 conference paper, publisher, DOI and article pages 43:1--43:23.",https://drops.dagstuhl.de/entities/document/10.4230/LIPIcs.ITCS.2017.43
InterpretableMachine329,accepted_with_corrections,15,329,"{""edition"": {""before"": null, ""after"": ""3""}, ""year"": {""before"": null, ""after"": ""2025""}}","{""edition"": {""proposed"": null, ""accepted"": ""3""}}",Accept the proposed update to the current online third edition: the author provides a 2025 citation. Explicitly record edition 3 to make the version choice clear; no conflicting ISBN or edition existed.,https://christophm.github.io/interpretable-ml-book/cite.html
InterpretingtheRepea333,accepted,16,333,"{""booktitle"": {""before"": ""Forty-second International Conference on Machine Learning"", ""after"": ""Proceedings of the 42nd International Conference on Machine Learning""}, ""entry_type"": {""before"": ""incollection"", ""after"": ""inproceedings""}, ""publisher"": {""before"": null, ""after"": ""PMLR""}, ""url"": {""before"": ""https://arxiv.org/abs/2503.08908"", ""after"": ""https://proceedings.mlr.press/v267/yona25a.html""}}",{},"Official PMLR publication and BibTeX verify proceedings title, inproceedings, publisher PMLR, and the matching paper URL.",https://proceedings.mlr.press/v267/yona25a.html
LiveBenchAChallengin366,accepted,17,366,"{""url"": {""before"": ""https://arxiv.org/abs/2406.19314"", ""after"": ""https://proceedings.iclr.cc/paper_files/paper/2025/hash/e4a46394ba5378b3f9a186a5b4c650d1-Abstract-Conference.html""}, ""year"": {""before"": null, ""after"": ""2025""}}",{},Official ICLR BibTeX explicitly uses year 2025 for the specified conference version; preserve the preprint identifier and update locator to the conference.,https://proceedings.iclr.cc/paper_files/paper/250-/bibtex
LLMscaughtinthecross370,accepted,18,370,"{""booktitle"": {""before"": ""Proceedings of the 63rd Annual Meeting of the Association for Computational Linguistics"", ""after"": ""Proceedings of the 63rd Annual Meeting of the Association for Computational Linguistics (Volume 1: Long Papers)""}, ""entry_type"": {""before"": ""incollection"", ""after"": ""inproceedings""}, ""publisher"": {""before"": null, ""after"": ""Association for Computational Linguistics""}}",{},"Official ACL citation verifies the Long Papers volume, conference article type and Association for Computational Linguistics publisher.",https://aclanthology.org/2025.acl-long.1350/
MachineLearningBiasS374,accepted,19,374,"{""entry_type"": {""before"": ""article"", ""after"": ""techreport""}, ""institution"": {""before"": null, ""after"": ""Department of Computer Science, Oregon State University""}}",{},"The author publication list explicitly identifies this exact 1995 title as a technical report of the Department of Computer Science, Oregon State University.",https://web.engr.oregonstate.edu/~tgd/publications/
MachineLearningExpla375,accepted,20,375,"{""entry_type"": {""before"": ""article"", ""after"": ""techreport""}, ""institution"": {""before"": null, ""after"": ""Bank of England""}, ""number"": {""before"": null, ""after"": ""816""}, ""publisher"": {""before"": ""Bank of England Working Paper"", ""after"": null}, ""series"": {""before"": null, ""after"": ""Staff Working Paper""}}",{},"Issuing bank identifies the exact paper as Staff Working Paper 816 published 9 August 2019; report classification, institution, number and series are confirmed.",https://www.bankofengland.co.uk/working-paper/2019/machine-learning-explainability-in-finance-an-application-to-default-risk-analysis
MeasuringMassiveMult388,accepted,21,388,"{""year"": {""before"": null, ""after"": ""2021""}}",{},"Author arXiv record identifies ICLR 2021, consistent with cited conference and OpenReview record.",https://arxiv.org/abs/2009.03300; https://openreview.net/forum?id=d7KBjmI3GmQ
MortgagedataHMDA402,accepted,22,402,"{""author"": {""before"": null, ""after"": ""{Consumer Financial Protection Bureau}""}}",{},The cited Mortgage data (HMDA) webpage is authored/maintained by CFPB; corporate author credit is for that page rather than every underlying dataset.,https://www.consumerfinance.gov/data-research/hmda/
NASASystemsEngineeri405,accepted,23,405,"{""institution"": {""before"": null, ""after"": ""National Aeronautics and Space Administration""}, ""number"": {""before"": null, ""after"": ""NASA/SP-2016-6105 Rev 2""}}",{},NASA NTRS identifies the agency and exact report number NASA/SP-2016-6105 Rev 2. Retain existing 2017 citation year as specified by the record.,https://ntrs.nasa.gov/api/citations/20170001761
Ontheimportanceofini418,accepted,24,416,"{""booktitle"": {""before"": null, ""after"": ""Proceedings of the 30th International Conference on Machine Learning""}, ""entry_type"": {""before"": ""article"", ""after"": ""inproceedings""}, ""pages"": {""before"": null, ""after"": ""1139--1147""}, ""publisher"": {""before"": null, ""after"": ""PMLR""}, ""url"": {""before"": ""http://www.cs.toronto.edu/~fritz/absps/momentum.pdf"", ""after"": ""https://proceedings.mlr.press/v28/sutskever13.html""}, ""year"": {""before"": ""2014"", ""after"": ""2013""}}",{},"Official PMLR citation verifies ICML 2013, booktitle, pages 1139--1147, publisher PMLR, and matching paper URL.",https://proceedings.mlr.press/v28/sutskever13.html
ParticipationIsnotaD428,accepted,25,426,"{""booktitle"": {""before"": null, ""after"": ""Equity and Access in Algorithms, Mechanisms, and Optimization""}}",{},Publisher-deposited DOI metadata and conference manuscript verify the missing EAAMO booktitle.,https://api.crossref.org/works/10.1145/3551624.3555285; https://conference2022.eaamo.org/papers/sloane-1.pdf
Proceedingsofthe60th457,accepted,26,455,{},{},Official ACL BibTeX uses proceedings with the three existing editors and no author field. Clear the false-positive missing author finding without inventing an author.,https://aclanthology.org/2022.acl-long.0/
PsychologicalFoundat466,accepted,27,464,"{""doi"": {""before"": null, ""after"": ""10.6028/NIST.IR.8367""}, ""entry_type"": {""before"": ""article"", ""after"": ""techreport""}, ""institution"": {""before"": null, ""after"": ""National Institute of Standards and Technology""}, ""number"": {""before"": null, ""after"": ""NISTIR 8367""}, ""publisher"": {""before"": ""NIST Interagency/Internal Report (NISTIR), National Institute of Standards~…"", ""after"": null}}",{},"NIST record and DOI deposit verify report NISTIR 8367, institution, DOI, author and 2021 publication year. Journal does not apply.",https://www.nist.gov/publications/psychological-foundations-explainability-and-interpretability-artificial-intelligence; https://api.crossref.org/works/10.6028/NIST.IR.8367
TabArenaALivingBench545,accepted,28,543,"{""url"": {""before"": ""https://arxiv.org/abs/2506.16791"", ""after"": ""https://proceedings.neurips.cc/paper_files/paper/2025/hash/1697e3fb412da11dc9488249f9e7bbc9-Abstract-Datasets_and_Benchmarks_Track.html""}, ""year"": {""before"": null, ""after"": ""2025""}}",{},"Official NeurIPS BibTeX explicitly specifies 2025, despite the landing-page upload metadata giving 2026. Accept conference citation year and conference locator.",https://proceedings.neurips.cc/paper_files/paper/32879-/bibtex
TheGrammarofGraphics569,accepted,29,566,"{""publisher"": {""before"": null, ""after"": ""Springer New York, NY""}}",{},"Springer lists publisher Springer New York, NY. The cited eBook edition at this DOI was published 28 January 2006, so retain existing 2006.",https://link.springer.com/book/10.1007/0-387-28695-0
TheHeilmeierCatechis571,accepted_with_corrections,30,568,{},"{""year"": {""proposed"": ""2026"", ""accepted"": null}}","No publication year appears on the cited DARPA page. Under the user instruction to fix and accept, accept a legitimate undated web citation and remove the missing-year flag. Do not import the unsupported proposed 2026 or date the webpage from Heilmeier's tenure.",https://www.darpa.mil/about/heilmeier-catechism
TheLanguageofTrustwo575,accepted,31,572,"{""doi"": {""before"": null, ""after"": ""10.6028/NIST.AI.100-3""}, ""entry_type"": {""before"": ""article"", ""after"": ""techreport""}, ""institution"": {""before"": null, ""after"": ""National Institute of Standards and Technology""}, ""number"": {""before"": null, ""after"": ""NIST AI 100-3""}, ""publisher"": {""before"": ""National Institute of Standards and Technology, Gaithersburg, MD"", ""after"": ""National Institute of Standards and Technology""}, ""url"": {""before"": ""https://airc.nist.gov/AI_RMF_Knowledge_Base/Glossary"", ""after"": ""https://doi.org/10.6028/NIST.AI.100-3""}}",{},"Official NIST record identifies report AI 100-3, its four authors, 29 March 2023 publication, and DOI. A report rather than a journal article; the fixed report locator replaces the evolving glossary homepage.",https://www.nist.gov/publications/language-trustworthy-ai-depth-glossary-terms
TheriskofdeskillingW587,accepted_with_corrections,32,584,"{""author"": {""before"": null, ""after"": ""Nix, Mike and Onisiforou, George and Painter, Annabelle""}, ""url"": {""before"": ""https://digital-transformation.hee.nhs.uk/building-a-digital-workforce/dart-ed/horizon-scanning/developing-healthcare-workers-confidence-in-ai/chapter-4-workforce-transformation/the-risk-of-deskilling"", ""after"": ""https://digital-transformation.hee.nhs.uk/support-for-organisations/research-and-publications/dart-ed/horizon-scanning/developing-healthcare-workers-confidence-in-ai/chapter-4-workforce-transformation/the-risk-of-deskilling""}, ""year"": {""before"": null, ""after"": ""2022""}}","{""author"": {""proposed"": ""{England National Health Service}"", ""accepted"": ""Nix, Mike and Onisiforou, George and Painter, Annabelle""}, ""year"": {""proposed"": ""2023"", ""accepted"": ""2022""}}","The exact deskilling subsection matches the October 2022 report. Its About the authors page names Mike Nix, George Onisiforou and Annabelle Painter. Use these supported names and 2022 publication year rather than the proposed inverted institutional name and 2023 webpage review date. The proposed replacement webpage resolves and matches the section.",https://digital-transformation.hee.nhs.uk/binaries/content/assets/digital-transformation/dart-ed/developingconfidenceinai-oct2022.pdf; https://digital-transformation.hee.nhs.uk/support-for-organisations/research-and-publications/dart-ed/horizon-scanning/developing-healthcare-workers-confidence-in-ai/chapter-4-workforce-transformation/the-risk-of-deskilling
TrustedAIBlogSeries610,accepted_with_corrections,33,607,"{""publisher"": {""before"": ""\""ADMIN\"""", ""after"": null}}","{""year"": {""proposed"": ""2026"", ""accepted"": null}}",The URL resolves to the changing Adversa blog collection. Accept it as an undated collection under the user instruction to fix and accept; do not substitute proposed 2026 from individual post/current-year dates. Remove ADMIN placeholder publisher.,https://adversa.ai/topic/trusted-ai-blog/
Unifiedmodelof1Dpuls619,accepted,34,616,"{""publisher"": {""before"": null, ""after"": ""IEEE""}}",{},"IEEE-deposited Crossref metadata verifies publisher IEEE, exact registered title including copyright suffix, author, conference and 2016 year.",https://api.crossref.org/works/10.1109/EOSESD.2016.7592562
H2ODatasets282,not_in_proposal,,282,{},{},This flagged record is absent from the proposed-fixes Bibliography sheet. Preserve its values and markings.,
H2OJIRA286,not_in_proposal,,286,{},{},This flagged record is absent from the proposed-fixes Bibliography sheet. Preserve its values and markings.,
H2Owebsite289,not_in_proposal,,289,{},{},This flagged record is absent from the proposed-fixes Bibliography sheet. Preserve its values and markings.,
H2Ostream293,not_in_proposal,,293,{},{},This flagged record is absent from the proposed-fixes Bibliography sheet. Preserve its values and markings.,
WhitepaperProgrammin636,not_in_proposal,,633,{},{},This flagged record is absent from the proposed-fixes Bibliography sheet. Preserve its values and markings.,
